-- =========================================
-- SEED DATA GENERATED ON 2026-03-11T01:25:59.637Z
-- =========================================

TRUNCATE TABLE users, establishments, reviews, model_versions, sentiment_results, metrics_snapshots RESTART IDENTITY CASCADE;

-- 1. USUARIOS
INSERT INTO users (id, name, email, password_hash, role, is_active, avatar_url, bio, university_id, created_at, updated_at) VALUES ('a0eebc99-9c0b-4ef8-bb6d-6bb9bd380a14', 'Pedro Cliente', 'pedro.c@gmail.com', 'argon2_hashed_pw', 'student', true, NULL, NULL, NULL, '2026-03-04T04:33:23.839Z', '2026-03-04T04:33:23.839Z');
INSERT INTO users (id, name, email, password_hash, role, is_active, avatar_url, bio, university_id, created_at, updated_at) VALUES ('67aaf2e5-e18b-45a1-b28a-5129f890cd1c', 'Carlos Meza', 'carlos@example.com', '$argon2id$v=19$m=65536,t=3,p=4$sQgwDwohpqkEaEZogSpoTQ$Z+be9XLREiHyY6p4sivAOwKHdA4uQxVYcXNyprPvCnk', 'student', true, NULL, NULL, NULL, '2026-03-04T07:29:23.395Z', '2026-03-04T07:29:23.395Z');
INSERT INTO users (id, name, email, password_hash, role, is_active, avatar_url, bio, university_id, created_at, updated_at) VALUES ('a0eebc99-9c0b-4ef8-bb6d-6bb9bd380a11', 'Administrador Sistema', 'admin@example.com', '$argon2id$v=19$m=65536,t=3,p=4$fq+RZmf/RRwECWBI6imJcQ$3ERDKfGgfoGIqx5LDWXS1qcAL2SCHbTB08wOVzI/l1Q', 'admin', true, NULL, NULL, NULL, '2026-03-04T04:33:23.839Z', '2026-03-10T19:01:03.310Z');
INSERT INTO users (id, name, email, password_hash, role, is_active, avatar_url, bio, university_id, created_at, updated_at) VALUES ('a0eebc99-9c0b-4ef8-bb6d-6bb9bd380a12', 'Juan Gerente', 'juan.gerente@rest.com', '$argon2id$v=19$m=65536,t=3,p=4$fq+RZmf/RRwECWBI6imJcQ$3ERDKfGgfoGIqx5LDWXS1qcAL2SCHbTB08wOVzI/l1Q', 'manager', true, NULL, NULL, NULL, '2026-03-04T04:33:23.839Z', '2026-03-10T19:01:03.310Z');
INSERT INTO users (id, name, email, password_hash, role, is_active, avatar_url, bio, university_id, created_at, updated_at) VALUES ('a0eebc99-9c0b-4ef8-bb6d-6bb9bd380a13', 'Maria Estudiante', 'maria.estu@u.edu', '$argon2id$v=19$m=65536,t=3,p=4$fq+RZmf/RRwECWBI6imJcQ$3ERDKfGgfoGIqx5LDWXS1qcAL2SCHbTB08wOVzI/l1Q', 'student', true, NULL, NULL, NULL, '2026-03-04T04:33:23.839Z', '2026-03-10T19:01:03.310Z');
INSERT INTO users (id, name, email, password_hash, role, is_active, avatar_url, bio, university_id, created_at, updated_at) VALUES ('88724884-021f-4951-8435-11aff3030a36', 'Pedro Gerente', 'pedro.gerente@rest.com', '$argon2id$v=19$m=65536,t=3,p=4$cGkiQEdOaThlfIznIhP7dw$CLyAbXEFj4Xym+rAUgl4P9p9HDs/rCYyTNKLVuXSwPg', 'manager', true, NULL, NULL, NULL, '2026-03-11T01:19:13.759Z', '2026-03-11T01:20:22.170Z');

-- 2. ESTABLECIMIENTOS
INSERT INTO establishments (id, name, description, category, manager_id, university_id, location_details, opening_hours, gallery_urls, menu_urls, is_active, created_at, updated_at) VALUES ('b0eebc99-9c0b-4ef8-bb6d-6bb9bd380b21', 'DelyFull', 'Comida Rica & Saludable', 'Restaurante', 'a0eebc99-9c0b-4ef8-bb6d-6bb9bd380a12', NULL, NULL, NULL, ARRAY[]::text[], ARRAY[]::text[], true, '2026-03-04T04:33:23.839Z', '2026-03-05T20:32:56.593Z');
INSERT INTO establishments (id, name, description, category, manager_id, university_id, location_details, opening_hours, gallery_urls, menu_urls, is_active, created_at, updated_at) VALUES ('b0eebc99-9c0b-4ef8-bb6d-6bb9bd380b23', 'Cuckoo Coffee & Resto', 'Cafetería de los Leones', 'Cafetería', 'a0eebc99-9c0b-4ef8-bb6d-6bb9bd380a12', NULL, NULL, NULL, ARRAY[]::text[], ARRAY[]::text[], true, '2026-03-04T04:33:23.839Z', '2026-03-05T21:22:53.096Z');
INSERT INTO establishments (id, name, description, category, manager_id, university_id, location_details, opening_hours, gallery_urls, menu_urls, is_active, created_at, updated_at) VALUES ('b0eebc99-9c0b-4ef8-bb6d-6bb9bd380b22', 'Guajaqueñito', 'Comida Rapida & Oaxaqueña', 'Restaurante', 'a0eebc99-9c0b-4ef8-bb6d-6bb9bd380a12', NULL, NULL, NULL, ARRAY[]::text[], ARRAY[]::text[], true, '2026-03-04T04:33:23.839Z', '2026-03-05T21:23:57.810Z');
INSERT INTO establishments (id, name, description, category, manager_id, university_id, location_details, opening_hours, gallery_urls, menu_urls, is_active, created_at, updated_at) VALUES ('96e8f23d-08d6-400e-9d26-03d05edbd74f', 'Cuckoo Box', 'Hermanito menor de Cuckoo Coffee & Resto', 'Cafeteria', 'a0eebc99-9c0b-4ef8-bb6d-6bb9bd380a12', 'Anáhuac Oaxaca', 'Frente al edificio A, planta baja', 'Lunes a Viernes: 8:00 AM - 6:00 PM', ARRAY['https://example.com/gallery1.jpg', 'https://example.com/gallery2.jpg']::text[], ARRAY['https://example.com/menu1.jpg']::text[], true, '2026-03-10T07:33:19.562Z', '2026-03-11T01:10:02.798Z');
INSERT INTO establishments (id, name, description, category, manager_id, university_id, location_details, opening_hours, gallery_urls, menu_urls, is_active, created_at, updated_at) VALUES ('b9e37d6e-1160-4a7f-9975-2df5b9990cae', 'Pedro Pizza Shop', 'Best pizza', 'Fast Food', NULL, NULL, NULL, NULL, ARRAY[]::text[], ARRAY[]::text[], true, '2026-03-11T01:19:56.631Z', '2026-03-11T01:19:56.631Z');
INSERT INTO establishments (id, name, description, category, manager_id, university_id, location_details, opening_hours, gallery_urls, menu_urls, is_active, created_at, updated_at) VALUES ('df403c10-0340-4b97-861b-41c4ee19a2de', 'Pedro Pizza Shop', 'Best pizza', 'Fast Food', '88724884-021f-4951-8435-11aff3030a36', NULL, NULL, NULL, ARRAY[]::text[], ARRAY[]::text[], true, '2026-03-11T01:20:22.902Z', '2026-03-11T01:20:22.902Z');

-- 3. MODEL VERSIONS
INSERT INTO model_versions (id, version, accuracy, precision, recall, f1, dataset_size, trained_at, created_at) VALUES ('d0eebc99-9c0b-4ef8-bb6d-6bb9bd380d41', 'v1.0.0', 0.895, 0.88, 0.91, 0.8948, 5000, '2026-03-02T04:33:23.839Z', '2026-03-04T04:33:23.839Z');

-- 4. RESEÑAS
INSERT INTO reviews (id, user_id, establishment_id, food_score, service_score, price_score, comment, image_url, created_at, updated_at) VALUES ('c0eebc99-9c0b-4ef8-bb6d-6bb9bd380c31', 'a0eebc99-9c0b-4ef8-bb6d-6bb9bd380a13', 'b0eebc99-9c0b-4ef8-bb6d-6bb9bd380b21', 5, 4, 3, 'El asado estaba espectacular, aunque algo caro.', NULL, '2026-03-04T04:33:23.839Z', '2026-03-04T04:33:23.839Z');
INSERT INTO reviews (id, user_id, establishment_id, food_score, service_score, price_score, comment, image_url, created_at, updated_at) VALUES ('c0eebc99-9c0b-4ef8-bb6d-6bb9bd380c32', 'a0eebc99-9c0b-4ef8-bb6d-6bb9bd380a14', 'b0eebc99-9c0b-4ef8-bb6d-6bb9bd380b21', 3, 2, 4, 'Servicio muy lento hoy.', NULL, '2026-03-04T04:33:23.839Z', '2026-03-04T04:33:23.839Z');
INSERT INTO reviews (id, user_id, establishment_id, food_score, service_score, price_score, comment, image_url, created_at, updated_at) VALUES ('c0eebc99-9c0b-4ef8-bb6d-6bb9bd380c33', 'a0eebc99-9c0b-4ef8-bb6d-6bb9bd380a14', 'b0eebc99-9c0b-4ef8-bb6d-6bb9bd380b21', 4, 5, 4, 'Volví y el servicio mejoró muchísimo, muy recomendado.', NULL, '2026-03-04T04:33:23.839Z', '2026-03-04T04:33:23.839Z');
INSERT INTO reviews (id, user_id, establishment_id, food_score, service_score, price_score, comment, image_url, created_at, updated_at) VALUES ('c0eebc99-9c0b-4ef8-bb6d-6bb9bd380c34', 'a0eebc99-9c0b-4ef8-bb6d-6bb9bd380a13', 'b0eebc99-9c0b-4ef8-bb6d-6bb9bd380b22', 4, 5, 5, 'Perfecto para estudiar con un café latte.', NULL, '2026-03-04T04:33:23.839Z', '2026-03-04T04:33:23.839Z');
INSERT INTO reviews (id, user_id, establishment_id, food_score, service_score, price_score, comment, image_url, created_at, updated_at) VALUES ('48c1da84-062e-4ffa-8368-bcaa1b450d0c', '67aaf2e5-e18b-45a1-b28a-5129f890cd1c', 'b0eebc99-9c0b-4ef8-bb6d-6bb9bd380b21', 5, 5, 5, 'Excelente servicio y comida deliciosa, super recomendado', NULL, '2026-03-10T07:44:41.054Z', '2026-03-10T07:44:41.054Z');
INSERT INTO reviews (id, user_id, establishment_id, food_score, service_score, price_score, comment, image_url, created_at, updated_at) VALUES ('f2b32170-85a4-4859-b85b-c069e13d79ff', 'a0eebc99-9c0b-4ef8-bb6d-6bb9bd380a14', 'b0eebc99-9c0b-4ef8-bb6d-6bb9bd380b23', 2, 1, 2, 'Muy mala atencion, el cafe llego frio y el lugar estaba sucio', NULL, '2026-03-10T07:44:41.592Z', '2026-03-10T07:44:41.592Z');
INSERT INTO reviews (id, user_id, establishment_id, food_score, service_score, price_score, comment, image_url, created_at, updated_at) VALUES ('45feb537-185b-4f54-9e90-ef621ace6940', 'a0eebc99-9c0b-4ef8-bb6d-6bb9bd380a11', 'b0eebc99-9c0b-4ef8-bb6d-6bb9bd380b22', 3, 3, 3, 'Esta bien, comida promedio, precio normal para la zona', NULL, '2026-03-10T07:44:42.118Z', '2026-03-10T07:44:42.118Z');
INSERT INTO reviews (id, user_id, establishment_id, food_score, service_score, price_score, comment, image_url, created_at, updated_at) VALUES ('9ed56e4e-ca49-4aa4-b3a7-7b2c02ece07a', 'a0eebc99-9c0b-4ef8-bb6d-6bb9bd380a12', '96e8f23d-08d6-400e-9d26-03d05edbd74f', 5, 4, 4, 'El mejor lugar para estudiar, el cafe latte es espectacular', NULL, '2026-03-10T07:44:42.626Z', '2026-03-10T07:44:42.626Z');
INSERT INTO reviews (id, user_id, establishment_id, food_score, service_score, price_score, comment, image_url, created_at, updated_at) VALUES ('b9f93644-96c4-443b-b974-c54279018161', '67aaf2e5-e18b-45a1-b28a-5129f890cd1c', 'b0eebc99-9c0b-4ef8-bb6d-6bb9bd380b22', 5, 5, 5, 'Increible lugar, el Guajaquenito nunca falla. La comida es de 10.', NULL, '2026-03-10T07:57:33.003Z', '2026-03-10T07:57:33.003Z');

-- 5. SENTIMENT RESULTS
INSERT INTO sentiment_results (id, review_id, model_version_id, predicted_label, probability, created_at) VALUES ('b45475d2-67e6-4b8b-afed-71d56b37551a', 'c0eebc99-9c0b-4ef8-bb6d-6bb9bd380c31', 'd0eebc99-9c0b-4ef8-bb6d-6bb9bd380d41', 'positive', 0.5068, '2026-03-10T07:29:30.178Z');
INSERT INTO sentiment_results (id, review_id, model_version_id, predicted_label, probability, created_at) VALUES ('d19a233f-4a38-4e30-8485-bd4af18063c8', 'c0eebc99-9c0b-4ef8-bb6d-6bb9bd380c32', 'd0eebc99-9c0b-4ef8-bb6d-6bb9bd380d41', 'negative', 0.5202, '2026-03-10T07:29:30.178Z');
INSERT INTO sentiment_results (id, review_id, model_version_id, predicted_label, probability, created_at) VALUES ('743bf213-34b1-4136-a646-67bc625e2508', 'c0eebc99-9c0b-4ef8-bb6d-6bb9bd380c33', 'd0eebc99-9c0b-4ef8-bb6d-6bb9bd380d41', 'positive', 0.5068, '2026-03-10T07:29:30.178Z');
INSERT INTO sentiment_results (id, review_id, model_version_id, predicted_label, probability, created_at) VALUES ('07f9561d-d0e6-4e78-8825-8fff911444eb', 'c0eebc99-9c0b-4ef8-bb6d-6bb9bd380c34', 'd0eebc99-9c0b-4ef8-bb6d-6bb9bd380d41', 'positive', 0.5312, '2026-03-10T07:29:30.178Z');
INSERT INTO sentiment_results (id, review_id, model_version_id, predicted_label, probability, created_at) VALUES ('aa4a0c88-3d4b-4ba6-b537-59d322b05fff', '48c1da84-062e-4ffa-8368-bcaa1b450d0c', 'd0eebc99-9c0b-4ef8-bb6d-6bb9bd380d41', 'positive', 0.5466, '2026-03-10T07:44:43.553Z');
INSERT INTO sentiment_results (id, review_id, model_version_id, predicted_label, probability, created_at) VALUES ('3b2ac1aa-3c8b-4aca-823c-7d4ff0387566', 'f2b32170-85a4-4859-b85b-c069e13d79ff', 'd0eebc99-9c0b-4ef8-bb6d-6bb9bd380d41', 'positive', 0.4035, '2026-03-10T07:44:43.553Z');
INSERT INTO sentiment_results (id, review_id, model_version_id, predicted_label, probability, created_at) VALUES ('e6e6549a-7d68-4d1f-80cb-82cbda66926c', '45feb537-185b-4f54-9e90-ef621ace6940', 'd0eebc99-9c0b-4ef8-bb6d-6bb9bd380d41', 'neutral', 0.4235, '2026-03-10T07:44:43.553Z');
INSERT INTO sentiment_results (id, review_id, model_version_id, predicted_label, probability, created_at) VALUES ('0523c034-9c41-413e-a486-f2e9561a836b', '9ed56e4e-ca49-4aa4-b3a7-7b2c02ece07a', 'd0eebc99-9c0b-4ef8-bb6d-6bb9bd380d41', 'positive', 0.4433, '2026-03-10T07:44:43.553Z');
INSERT INTO sentiment_results (id, review_id, model_version_id, predicted_label, probability, created_at) VALUES ('46cc9e9e-160d-450a-837c-34a756e76686', 'b9f93644-96c4-443b-b974-c54279018161', 'd0eebc99-9c0b-4ef8-bb6d-6bb9bd380d41', 'positive', 0.535, '2026-03-10T07:57:34.568Z');

-- 6. METRICS SNAPSHOTS
INSERT INTO metrics_snapshots (id, establishment_id, ige, avg_food, avg_service, avg_price, negative_ratio, total_reviews, snapshot_date, created_at) VALUES ('07e4991b-130d-4441-8e6f-d33064aafafe', 'b0eebc99-9c0b-4ef8-bb6d-6bb9bd380b21', 75.5, 4, 3.66, 3.66, 0.33, 3, '2026-03-04', '2026-03-04T04:33:23.839Z');
